{
  "hash": "0c6fda4b",
  "configHash": "ac3701fa",
  "lockfileHash": "c59d630a",
  "browserHash": "0f09e9bc",
  "optimized": {
    "@angular/common": {
      "src": "../../../../../../node_modules/@angular/common/fesm2022/common.mjs",
      "file": "@angular_common.js",
      "fileHash": "bc0256fd",
      "needsInterop": false
    },
    "@angular/common/http": {
      "src": "../../../../../../node_modules/@angular/common/fesm2022/http.mjs",
      "file": "@angular_common_http.js",
      "fileHash": "300f794c",
      "needsInterop": false
    },
    "@angular/core": {
      "src": "../../../../../../node_modules/@angular/core/fesm2022/core.mjs",
      "file": "@angular_core.js",
      "fileHash": "c57ce306",
      "needsInterop": false
    },
    "@angular/forms": {
      "src": "../../../../../../node_modules/@angular/forms/fesm2022/forms.mjs",
      "file": "@angular_forms.js",
      "fileHash": "7390da65",
      "needsInterop": false
    },
    "@angular/platform-browser": {
      "src": "../../../../../../node_modules/@angular/platform-browser/fesm2022/platform-browser.mjs",
      "file": "@angular_platform-browser.js",
      "fileHash": "7f2c0f80",
      "needsInterop": false
    },
    "@angular/platform-server": {
      "src": "../../../../../../node_modules/@angular/platform-server/fesm2022/platform-server.mjs",
      "file": "@angular_platform-server.js",
      "fileHash": "82ec9e31",
      "needsInterop": false
    }
  },
  "chunks": {
    "chunk-QWRMXH3N": {
      "file": "chunk-QWRMXH3N.js"
    },
    "chunk-BDTN3DXG": {
      "file": "chunk-BDTN3DXG.js"
    },
    "chunk-KBOMWHVL": {
      "file": "chunk-KBOMWHVL.js"
    },
    "chunk-5T2TB3DN": {
      "file": "chunk-5T2TB3DN.js"
    },
    "xhr2-ISERFGGE": {
      "file": "xhr2-ISERFGGE.js"
    },
    "chunk-NQ4HTGF6": {
      "file": "chunk-NQ4HTGF6.js"
    }
  }
}