{
  "hash": "a5f2e591",
  "configHash": "c4a13b1b",
  "lockfileHash": "c59d630a",
  "browserHash": "0abeea77",
  "optimized": {
    "@angular/common": {
      "src": "../../../../../../node_modules/@angular/common/fesm2022/common.mjs",
      "file": "@angular_common.js",
      "fileHash": "2841e659",
      "needsInterop": false
    },
    "@angular/common/http": {
      "src": "../../../../../../node_modules/@angular/common/fesm2022/http.mjs",
      "file": "@angular_common_http.js",
      "fileHash": "e9add89e",
      "needsInterop": false
    },
    "@angular/core": {
      "src": "../../../../../../node_modules/@angular/core/fesm2022/core.mjs",
      "file": "@angular_core.js",
      "fileHash": "5a468fed",
      "needsInterop": false
    },
    "@angular/forms": {
      "src": "../../../../../../node_modules/@angular/forms/fesm2022/forms.mjs",
      "file": "@angular_forms.js",
      "fileHash": "4ebcda81",
      "needsInterop": false
    },
    "@angular/platform-browser": {
      "src": "../../../../../../node_modules/@angular/platform-browser/fesm2022/platform-browser.mjs",
      "file": "@angular_platform-browser.js",
      "fileHash": "eecbd520",
      "needsInterop": false
    }
  },
  "chunks": {
    "chunk-6SU47SEG": {
      "file": "chunk-6SU47SEG.js"
    },
    "chunk-WLSGYVUB": {
      "file": "chunk-WLSGYVUB.js"
    },
    "chunk-LTSAIPOX": {
      "file": "chunk-LTSAIPOX.js"
    }
  }
}